1,1972,1,1;
2,1972,1,2;
3,1972,1,3;
4,1972,1,4;
5,1972,1,5;
6,1972,1,6;
7,1972,1,7;
8,1972,1,8;
9,1972,1,9;
10,1972,1,10;
11,1972,1,11;
12,1972,1,12;
13,1972,1,13;
14,1972,1,14;
15,1972,1,15;
16,1972,1,16;
17,1972,1,17;
18,1972,1,18;
19,1972,1,19;
20,1972,1,20;
21,1972,1,21;
22,1972,1,22;
23,1972,1,23;
24,1972,1,24;
25,1972,1,25;
26,1972,1,26;
27,1972,1,27;
28,1972,1,28;
29,1972,1,29;
30,1972,1,30;
31,1972,1,31;
32,1972,1,32;
33,1972,1,33;
34,1972,1,34;
35,1972,2,1;
36,1972,2,2;
37,1972,2,3;
38,1972,2,4;
39,1972,2,5;
40,1972,2,6;
41,1972,2,7;
42,1972,2,8;
43,1972,2,9;
44,1972,2,10;
45,1972,2,11;
46,1972,2,12;
47,1972,2,13;
48,1972,2,14;
49,1972,2,15;
50,1972,2,16;
51,1972,2,17;
52,1972,2,18;
53,1972,2,19;
54,1972,2,20;
55,1972,2,21;
56,1972,2,22;
57,1972,2,23;
58,1972,2,24;
59,1972,2,25;
60,1972,2,26;
61,1972,2,27;
62,1972,2,28;
63,1972,2,29;
64,1972,2,30;
65,1972,2,31;
66,1972,2,32;
67,1972,2,33;
68,1972,2,34;
69,1972,2,35;
70,1972,2,36;
71,1972,2,37;
72,1972,2,38;
73,1973,1,1;
74,1973,1,2;
75,1973,1,3;
76,1973,1,4;
77,1973,1,5;
78,1973,1,6;
79,1973,1,7;
80,1973,1,8;
81,1973,1,9;
82,1973,1,10;
83,1973,1,11;
84,1973,1,12;
85,1973,1,13;
86,1973,1,14;
87,1973,1,15;
88,1973,1,16;
89,1973,1,17;
90,1973,1,18;
91,1973,1,19;
92,1973,1,20;
93,1973,1,21;
94,1973,1,22;
95,1973,1,23;
96,1973,1,24;
97,1973,1,25;
98,1973,1,26;
99,1973,1,27;
100,1973,1,28;
101,1973,1,29;
102,1973,1,30;
103,1973,1,31;
104,1973,1,32;
105,1973,1,33;
106,1973,1,34;
107,1973,2,1;
108,1973,2,2;
109,1973,2,3;
110,1973,2,4;
111,1973,2,5;
112,1973,2,6;
113,1973,2,7;
114,1973,2,8;
115,1973,2,9;
116,1973,2,10;
117,1973,2,11;
118,1973,2,12;
119,1973,2,13;
120,1973,2,14;
121,1973,2,15;
122,1973,2,16;
123,1973,2,17;
124,1973,2,18;
125,1973,2,19;
126,1973,2,20;
127,1973,2,21;
128,1973,2,22;
129,1973,2,23;
130,1973,2,24;
131,1973,2,25;
132,1973,2,26;
133,1973,2,27;
134,1973,2,28;
135,1973,2,29;
136,1973,2,30;
137,1973,2,31;
138,1973,2,32;
139,1973,2,33;
140,1973,2,34;
141,1973,2,35;
142,1973,2,36;
143,1973,2,37;
144,1973,2,38;
145,1974,1,1;
146,1974,1,2;
147,1974,1,3;
148,1974,1,4;
149,1974,1,5;
150,1974,1,6;
151,1974,1,7;
152,1974,1,8;
153,1974,1,9;
154,1974,1,10;
155,1974,1,11;
156,1974,1,12;
157,1974,1,13;
158,1974,1,14;
159,1974,1,15;
160,1974,1,16;
161,1974,1,17;
162,1974,1,18;
163,1974,1,19;
164,1974,1,20;
165,1974,1,21;
166,1974,1,22;
167,1974,1,23;
168,1974,1,24;
169,1974,1,25;
170,1974,1,26;
171,1974,1,27;
172,1974,1,28;
173,1974,1,29;
174,1974,1,30;
175,1974,1,31;
176,1974,1,32;
177,1974,1,33;
178,1974,1,34;
179,1974,2,1;
180,1974,2,2;
181,1974,2,3;
182,1974,2,4;
183,1974,2,5;
184,1974,2,6;
185,1974,2,7;
186,1974,2,8;
187,1974,2,9;
188,1974,2,10;
189,1974,2,11;
190,1974,2,12;
191,1974,2,13;
192,1974,2,14;
193,1974,2,15;
194,1974,2,16;
195,1974,2,17;
196,1974,2,18;
197,1974,2,19;
198,1974,2,20;
199,1974,2,21;
200,1974,2,22;
201,1974,2,23;
202,1974,2,24;
203,1974,2,25;
204,1974,2,26;
205,1974,2,27;
206,1974,2,28;
207,1974,2,29;
208,1974,2,30;
209,1974,2,31;
210,1974,2,32;
211,1974,2,33;
212,1974,2,34;
213,1974,2,35;
214,1974,2,36;
215,1974,2,37;
216,1974,2,38;
217,1975,1,1;
218,1975,1,2;
219,1975,1,3;
220,1975,1,4;
221,1975,1,5;
222,1975,1,6;
223,1975,1,7;
224,1975,1,8;
225,1975,1,9;
226,1975,1,10;
227,1975,1,11;
228,1975,1,12;
229,1975,1,13;
230,1975,1,14;
231,1975,1,15;
232,1975,1,16;
233,1975,1,17;
234,1975,1,18;
235,1975,1,19;
236,1975,1,20;
237,1975,1,21;
238,1975,1,22;
239,1975,1,23;
240,1975,1,24;
241,1975,1,25;
242,1975,1,26;
243,1975,1,27;
244,1975,1,28;
245,1975,1,29;
246,1975,1,30;
247,1975,1,31;
248,1975,1,32;
249,1975,1,33;
250,1975,1,34;
251,1975,2,1;
252,1975,2,2;
253,1975,2,3;
254,1975,2,4;
255,1975,2,5;
256,1975,2,6;
257,1975,2,7;
258,1975,2,8;
259,1975,2,9;
260,1975,2,10;
261,1975,2,11;
262,1975,2,12;
263,1975,2,13;
264,1975,2,14;
265,1975,2,15;
266,1975,2,16;
267,1975,2,17;
268,1975,2,18;
269,1975,2,19;
270,1975,2,20;
271,1975,2,21;
272,1975,2,22;
273,1975,2,23;
274,1975,2,24;
275,1975,2,25;
276,1975,2,26;
277,1975,2,27;
278,1975,2,28;
279,1975,2,29;
280,1975,2,30;
281,1975,2,31;
282,1975,2,32;
283,1975,2,33;
284,1975,2,34;
285,1975,2,35;
286,1975,2,36;
287,1975,2,37;
288,1975,2,38;
289,1976,1,1;
290,1976,1,2;
291,1976,1,3;
292,1976,1,4;
293,1976,1,5;
294,1976,1,6;
295,1976,1,7;
296,1976,1,8;
297,1976,1,9;
298,1976,1,10;
299,1976,1,11;
300,1976,1,12;
301,1976,1,13;
302,1976,1,14;
303,1976,1,15;
304,1976,1,16;
305,1976,1,17;
306,1976,1,18;
307,1976,1,19;
308,1976,1,20;
309,1976,1,21;
310,1976,1,22;
311,1976,1,23;
312,1976,1,24;
313,1976,1,25;
314,1976,1,26;
315,1976,1,27;
316,1976,1,28;
317,1976,1,29;
318,1976,1,30;
319,1976,1,31;
320,1976,1,32;
321,1976,1,33;
322,1976,1,34;
323,1976,2,1;
324,1976,2,2;
325,1976,2,3;
326,1976,2,4;
327,1976,2,5;
328,1976,2,6;
329,1976,2,7;
330,1976,2,8;
331,1976,2,9;
332,1976,2,10;
333,1976,2,11;
334,1976,2,12;
335,1976,2,13;
336,1976,2,14;
337,1976,2,15;
338,1976,2,16;
339,1976,2,17;
340,1976,2,18;
341,1976,2,19;
342,1976,2,20;
343,1976,2,21;
344,1976,2,22;
345,1976,2,23;
346,1976,2,24;
347,1976,2,25;
348,1976,2,26;
349,1976,2,27;
350,1976,2,28;
351,1976,2,29;
352,1976,2,30;
353,1976,2,31;
354,1976,2,32;
355,1976,2,33;
356,1976,2,34;
357,1976,2,35;
358,1976,2,36;
359,1976,2,37;
360,1976,2,38;
361,1977,1,1;
362,1977,1,2;
363,1977,1,3;
364,1977,1,4;
365,1977,1,5;
366,1977,1,6;
367,1977,1,7;
368,1977,1,8;
369,1977,1,9;
370,1977,1,10;
371,1977,1,11;
372,1977,1,12;
373,1977,1,13;
374,1977,1,14;
375,1977,1,15;
376,1977,1,16;
377,1977,1,17;
378,1977,1,18;
379,1977,1,19;
380,1977,1,20;
381,1977,1,21;
382,1977,1,22;
383,1977,1,23;
384,1977,1,24;
385,1977,1,25;
386,1977,1,26;
387,1977,1,27;
388,1977,1,28;
389,1977,1,29;
390,1977,1,30;
391,1977,1,31;
392,1977,1,32;
393,1977,1,33;
394,1977,1,34;
395,1977,2,1;
396,1977,2,2;
397,1977,2,3;
398,1977,2,4;
399,1977,2,5;
400,1977,2,6;
401,1977,2,7;
402,1977,2,8;
403,1977,2,9;
404,1977,2,10;
405,1977,2,11;
406,1977,2,12;
407,1977,2,13;
408,1977,2,14;
409,1977,2,15;
410,1977,2,16;
411,1977,2,17;
412,1977,2,18;
413,1977,2,19;
414,1977,2,20;
415,1977,2,21;
416,1977,2,22;
417,1977,2,23;
418,1977,2,24;
419,1977,2,25;
420,1977,2,26;
421,1977,2,27;
422,1977,2,28;
423,1977,2,29;
424,1977,2,30;
425,1977,2,31;
426,1977,2,32;
427,1977,2,33;
428,1977,2,34;
429,1977,2,35;
430,1977,2,36;
431,1977,2,37;
432,1977,2,38;
433,1978,1,1;
434,1978,1,2;
435,1978,1,3;
436,1978,1,4;
437,1978,1,5;
438,1978,1,6;
439,1978,1,7;
440,1978,1,8;
441,1978,1,9;
442,1978,1,10;
443,1978,1,11;
444,1978,1,12;
445,1978,1,13;
446,1978,1,14;
447,1978,1,15;
448,1978,1,16;
449,1978,1,17;
450,1978,1,18;
451,1978,1,19;
452,1978,1,20;
453,1978,1,21;
454,1978,1,22;
455,1978,1,23;
456,1978,1,24;
457,1978,1,25;
458,1978,1,26;
459,1978,1,27;
460,1978,1,28;
461,1978,1,29;
462,1978,1,30;
463,1978,1,31;
464,1978,1,32;
465,1978,1,33;
466,1978,1,34;
467,1978,2,1;
468,1978,2,2;
469,1978,2,3;
470,1978,2,4;
471,1978,2,5;
472,1978,2,6;
473,1978,2,7;
474,1978,2,8;
475,1978,2,9;
476,1978,2,10;
477,1978,2,11;
478,1978,2,12;
479,1978,2,13;
480,1978,2,14;
481,1978,2,15;
482,1978,2,16;
483,1978,2,17;
484,1978,2,18;
485,1978,2,19;
486,1978,2,20;
487,1978,2,21;
488,1978,2,22;
489,1978,2,23;
490,1978,2,24;
491,1978,2,25;
492,1978,2,26;
493,1978,2,27;
494,1978,2,28;
495,1978,2,29;
496,1978,2,30;
497,1978,2,31;
498,1978,2,32;
499,1978,2,33;
500,1978,2,34;
501,1978,2,35;
502,1978,2,36;
503,1978,2,37;
504,1978,2,38;
505,1979,1,1;
506,1979,1,2;
507,1979,1,3;
508,1979,1,4;
509,1979,1,5;
510,1979,1,6;
511,1979,1,7;
512,1979,1,8;
513,1979,1,9;
514,1979,1,10;
515,1979,1,11;
516,1979,1,12;
517,1979,1,13;
518,1979,1,14;
519,1979,1,15;
520,1979,1,16;
521,1979,1,17;
522,1979,1,18;
523,1979,1,19;
524,1979,1,20;
525,1979,1,21;
526,1979,1,22;
527,1979,1,23;
528,1979,1,24;
529,1979,1,25;
530,1979,1,26;
531,1979,1,27;
532,1979,1,28;
533,1979,1,29;
534,1979,1,30;
535,1979,1,31;
536,1979,1,32;
537,1979,1,33;
538,1979,1,34;
539,1979,2,1;
540,1979,2,2;
541,1979,2,3;
542,1979,2,4;
543,1979,2,5;
544,1979,2,6;
545,1979,2,7;
546,1979,2,8;
547,1979,2,9;
548,1979,2,10;
549,1979,2,11;
550,1979,2,12;
551,1979,2,13;
552,1979,2,14;
553,1979,2,15;
554,1979,2,16;
555,1979,2,17;
556,1979,2,18;
557,1979,2,19;
558,1979,2,20;
559,1979,2,21;
560,1979,2,22;
561,1979,2,23;
562,1979,2,24;
563,1979,2,25;
564,1979,2,26;
565,1979,2,27;
566,1979,2,28;
567,1979,2,29;
568,1979,2,30;
569,1979,2,31;
570,1979,2,32;
571,1979,2,33;
572,1979,2,34;
573,1979,2,35;
574,1979,2,36;
575,1979,2,37;
576,1979,2,38;
577,1980,1,1;
578,1980,1,2;
579,1980,1,3;
580,1980,1,4;
581,1980,1,5;
582,1980,1,6;
583,1980,1,7;
584,1980,1,8;
585,1980,1,9;
586,1980,1,10;
587,1980,1,11;
588,1980,1,12;
589,1980,1,13;
590,1980,1,14;
591,1980,1,15;
592,1980,1,16;
593,1980,1,17;
594,1980,1,18;
595,1980,1,19;
596,1980,1,20;
597,1980,1,21;
598,1980,1,22;
599,1980,1,23;
600,1980,1,24;
601,1980,1,25;
602,1980,1,26;
603,1980,1,27;
604,1980,1,28;
605,1980,1,29;
606,1980,1,30;
607,1980,1,31;
608,1980,1,32;
609,1980,1,33;
610,1980,1,34;
611,1980,2,1;
612,1980,2,2;
613,1980,2,3;
614,1980,2,4;
615,1980,2,5;
616,1980,2,6;
617,1980,2,7;
618,1980,2,8;
619,1980,2,9;
620,1980,2,10;
621,1980,2,11;
622,1980,2,12;
623,1980,2,13;
624,1980,2,14;
625,1980,2,15;
626,1980,2,16;
627,1980,2,17;
628,1980,2,18;
629,1980,2,19;
630,1980,2,20;
631,1980,2,21;
632,1980,2,22;
633,1980,2,23;
634,1980,2,24;
635,1980,2,25;
636,1980,2,26;
637,1980,2,27;
638,1980,2,28;
639,1980,2,29;
640,1980,2,30;
641,1980,2,31;
642,1980,2,32;
643,1980,2,33;
644,1980,2,34;
645,1980,2,35;
646,1980,2,36;
647,1980,2,37;
648,1980,2,38;
649,1981,1,1;
650,1981,1,2;
651,1981,1,3;
652,1981,1,4;
653,1981,1,5;
654,1981,1,6;
655,1981,1,7;
656,1981,1,8;
657,1981,1,9;
658,1981,1,10;
659,1981,1,11;
660,1981,1,12;
661,1981,1,13;
662,1981,1,14;
663,1981,1,15;
664,1981,1,16;
665,1981,1,17;
666,1981,1,18;
667,1981,1,19;
668,1981,1,20;
669,1981,1,21;
670,1981,1,22;
671,1981,1,23;
672,1981,1,24;
673,1981,1,25;
674,1981,1,26;
675,1981,1,27;
676,1981,1,28;
677,1981,1,29;
678,1981,1,30;
679,1981,1,31;
680,1981,1,32;
681,1981,1,33;
682,1981,1,34;
683,1981,2,1;
684,1981,2,2;
685,1981,2,3;
686,1981,2,4;
687,1981,2,5;
688,1981,2,6;
689,1981,2,7;
690,1981,2,8;
691,1981,2,9;
692,1981,2,10;
693,1981,2,11;
694,1981,2,12;
695,1981,2,13;
696,1981,2,14;
697,1981,2,15;
698,1981,2,16;
699,1981,2,17;
700,1981,2,18;
701,1981,2,19;
702,1981,2,20;
703,1981,2,21;
704,1981,2,22;
705,1981,2,23;
706,1981,2,24;
707,1981,2,25;
708,1981,2,26;
709,1981,2,27;
710,1981,2,28;
711,1981,2,29;
712,1981,2,30;
713,1981,2,31;
714,1981,2,32;
715,1981,2,33;
716,1981,2,34;
717,1981,2,35;
718,1981,2,36;
719,1981,2,37;
720,1981,2,38;
721,1982,1,1;
722,1982,1,2;
723,1982,1,3;
724,1982,1,4;
725,1982,1,5;
726,1982,1,6;
727,1982,1,7;
728,1982,1,8;
729,1982,1,9;
730,1982,1,10;
731,1982,1,11;
732,1982,1,12;
733,1982,1,13;
734,1982,1,14;
735,1982,1,15;
736,1982,1,16;
737,1982,1,17;
738,1982,1,18;
739,1982,1,19;
740,1982,1,20;
741,1982,1,21;
742,1982,1,22;
743,1982,1,23;
744,1982,1,24;
745,1982,1,25;
746,1982,1,26;
747,1982,1,27;
748,1982,1,28;
749,1982,1,29;
750,1982,1,30;
751,1982,1,31;
752,1982,1,32;
753,1982,1,33;
754,1982,1,34;
755,1982,2,1;
756,1982,2,2;
757,1982,2,3;
758,1982,2,4;
759,1982,2,5;
760,1982,2,6;
761,1982,2,7;
762,1982,2,8;
763,1982,2,9;
764,1982,2,10;
765,1982,2,11;
766,1982,2,12;
767,1982,2,13;
768,1982,2,14;
769,1982,2,15;
770,1982,2,16;
771,1982,2,17;
772,1982,2,18;
773,1982,2,19;
774,1982,2,20;
775,1982,2,21;
776,1982,2,22;
777,1982,2,23;
778,1982,2,24;
779,1982,2,25;
780,1982,2,26;
781,1982,2,27;
782,1982,2,28;
783,1982,2,29;
784,1982,2,30;
785,1982,2,31;
786,1982,2,32;
787,1982,2,33;
788,1982,2,34;
789,1982,2,35;
790,1982,2,36;
791,1982,2,37;
792,1982,2,38;
793,1983,1,1;
794,1983,1,2;
795,1983,1,3;
796,1983,1,4;
797,1983,1,5;
798,1983,1,6;
799,1983,1,7;
800,1983,1,8;
801,1983,1,9;
802,1983,1,10;
803,1983,1,11;
804,1983,1,12;
805,1983,1,13;
806,1983,1,14;
807,1983,1,15;
808,1983,1,16;
809,1983,1,17;
810,1983,1,18;
811,1983,1,19;
812,1983,1,20;
813,1983,1,21;
814,1983,1,22;
815,1983,1,23;
816,1983,1,24;
817,1983,1,25;
818,1983,1,26;
819,1983,1,27;
820,1983,1,28;
821,1983,1,29;
822,1983,1,30;
823,1983,1,31;
824,1983,1,32;
825,1983,1,33;
826,1983,1,34;
827,1983,2,1;
828,1983,2,2;
829,1983,2,3;
830,1983,2,4;
831,1983,2,5;
832,1983,2,6;
833,1983,2,7;
834,1983,2,8;
835,1983,2,9;
836,1983,2,10;
837,1983,2,11;
838,1983,2,12;
839,1983,2,13;
840,1983,2,14;
841,1983,2,15;
842,1983,2,16;
843,1983,2,17;
844,1983,2,18;
845,1983,2,19;
846,1983,2,20;
847,1983,2,21;
848,1983,2,22;
849,1983,2,23;
850,1983,2,24;
851,1983,2,25;
852,1983,2,26;
853,1983,2,27;
854,1983,2,28;
855,1983,2,29;
856,1983,2,30;
857,1983,2,31;
858,1983,2,32;
859,1983,2,33;
860,1983,2,34;
861,1983,2,35;
862,1983,2,36;
863,1983,2,37;
864,1983,2,38;
865,1984,1,1;
866,1984,1,2;
867,1984,1,3;
868,1984,1,4;
869,1984,1,5;
870,1984,1,6;
871,1984,1,7;
872,1984,1,8;
873,1984,1,9;
874,1984,1,10;
875,1984,1,11;
876,1984,1,12;
877,1984,1,13;
878,1984,1,14;
879,1984,1,15;
880,1984,1,16;
881,1984,1,17;
882,1984,1,18;
883,1984,1,19;
884,1984,1,20;
885,1984,1,21;
886,1984,1,22;
887,1984,1,23;
888,1984,1,24;
889,1984,1,25;
890,1984,1,26;
891,1984,1,27;
892,1984,1,28;
893,1984,1,29;
894,1984,1,30;
895,1984,1,31;
896,1984,1,32;
897,1984,1,33;
898,1984,1,34;
899,1984,2,1;
900,1984,2,2;
901,1984,2,3;
902,1984,2,4;
903,1984,2,5;
904,1984,2,6;
905,1984,2,7;
906,1984,2,8;
907,1984,2,9;
908,1984,2,10;
909,1984,2,11;
910,1984,2,12;
911,1984,2,13;
912,1984,2,14;
913,1984,2,15;
914,1984,2,16;
915,1984,2,17;
916,1984,2,18;
917,1984,2,19;
918,1984,2,20;
919,1984,2,21;
920,1984,2,22;
921,1984,2,23;
922,1984,2,24;
923,1984,2,25;
924,1984,2,26;
925,1984,2,27;
926,1984,2,28;
927,1984,2,29;
928,1984,2,30;
929,1984,2,31;
930,1984,2,32;
931,1984,2,33;
932,1984,2,34;
933,1984,2,35;
934,1984,2,36;
935,1984,2,37;
936,1984,2,38;
937,1985,1,1;
938,1985,1,2;
939,1985,1,3;
940,1985,1,4;
941,1985,1,5;
942,1985,1,6;
943,1985,1,7;
944,1985,1,8;
945,1985,1,9;
946,1985,1,10;
947,1985,1,11;
948,1985,1,12;
949,1985,1,13;
950,1985,1,14;
951,1985,1,15;
952,1985,1,16;
953,1985,1,17;
954,1985,1,18;
955,1985,1,19;
956,1985,1,20;
957,1985,1,21;
958,1985,1,22;
959,1985,1,23;
960,1985,1,24;
961,1985,1,25;
962,1985,1,26;
963,1985,1,27;
964,1985,1,28;
965,1985,1,29;
966,1985,1,30;
967,1985,1,31;
968,1985,1,32;
969,1985,1,33;
970,1985,1,34;
971,1985,2,1;
972,1985,2,2;
973,1985,2,3;
974,1985,2,4;
975,1985,2,5;
976,1985,2,6;
977,1985,2,7;
978,1985,2,8;
979,1985,2,9;
980,1985,2,10;
981,1985,2,11;
982,1985,2,12;
983,1985,2,13;
984,1985,2,14;
985,1985,2,15;
986,1985,2,16;
987,1985,2,17;
988,1985,2,18;
989,1985,2,19;
990,1985,2,20;
991,1985,2,21;
992,1985,2,22;
993,1985,2,23;
994,1985,2,24;
995,1985,2,25;
996,1985,2,26;
997,1985,2,27;
998,1985,2,28;
999,1985,2,29;
1000,1985,2,30;
1001,1985,2,31;
1002,1985,2,32;
1003,1985,2,33;
1004,1985,2,34;
1005,1985,2,35;
1006,1985,2,36;
1007,1985,2,37;
1008,1985,2,38;
1009,1986,1,1;
1010,1986,1,2;
1011,1986,1,3;
1012,1986,1,4;
1013,1986,1,5;
1014,1986,1,6;
1015,1986,1,7;
1016,1986,1,8;
1017,1986,1,9;
1018,1986,1,10;
1019,1986,1,11;
1020,1986,1,12;
1021,1986,1,13;
1022,1986,1,14;
1023,1986,1,15;
1024,1986,1,16;
1025,1986,1,17;
1026,1986,1,18;
1027,1986,1,19;
1028,1986,1,20;
1029,1986,1,21;
1030,1986,1,22;
1031,1986,1,23;
1032,1986,1,24;
1033,1986,1,25;
1034,1986,1,26;
1035,1986,1,27;
1036,1986,1,28;
1037,1986,1,29;
1038,1986,1,30;
1039,1986,1,31;
1040,1986,1,32;
1041,1986,1,33;
1042,1986,1,34;
1043,1986,1,35;
1044,1986,1,36;
1045,1986,1,37;
1046,1986,1,38;
1047,1986,1,39;
1048,1986,1,40;
1049,1986,1,41;
1050,1986,1,42;
1051,1986,1,43;
1052,1986,1,44;
1053,1986,2,1;
1054,1986,2,2;
1055,1986,2,3;
1056,1986,2,4;
1057,1986,2,5;
1058,1986,2,6;
1059,1986,2,7;
1060,1986,2,8;
1061,1986,2,9;
1062,1986,2,10;
1063,1986,2,11;
1064,1986,2,12;
1065,1986,2,13;
1066,1986,2,14;
1067,1986,2,15;
1068,1986,2,16;
1069,1986,2,17;
1070,1986,2,18;
1071,1986,2,19;
1072,1986,2,20;
1073,1986,2,21;
1074,1986,2,22;
1075,1986,2,23;
1076,1986,2,24;
1077,1986,2,25;
1078,1986,2,26;
1079,1986,2,27;
1080,1986,2,28;
1081,1986,2,29;
1082,1986,2,30;
1083,1986,2,31;
1084,1986,2,32;
1085,1986,2,33;
1086,1986,2,34;
1087,1986,2,35;
1088,1986,2,36;
1089,1986,2,37;
1090,1986,2,38;
1091,1986,2,39;
1092,1986,2,40;
1093,1986,2,41;
1094,1986,2,42;
1095,1986,2,43;
1096,1986,2,44;
1097,1986,Descens,1;
1098,1986,Descens,2;
1099,1986,Descens,3;
1100,1987,1,1;
1101,1987,1,2;
1102,1987,1,3;
1103,1987,1,4;
1104,1987,1,5;
1105,1987,1,6;
1106,1987,1,7;
1107,1987,1,8;
1108,1987,1,9;
1109,1987,1,10;
1110,1987,1,11;
1111,1987,1,12;
1112,1987,1,13;
1113,1987,1,14;
1114,1987,1,15;
1115,1987,1,16;
1116,1987,1,17;
1117,1987,1,18;
1118,1987,1,19;
1119,1987,1,20;
1120,1987,1,21;
1121,1987,1,22;
1122,1987,1,23;
1123,1987,1,24;
1124,1987,1,25;
1125,1987,1,26;
1126,1987,1,27;
1127,1987,1,28;
1128,1987,1,29;
1129,1987,1,30;
1130,1987,1,31;
1131,1987,1,32;
1132,1987,1,33;
1133,1987,1,34;
1134,1987,1,35;
1135,1987,1,36;
1136,1987,1,37;
1137,1987,1,38;
1138,1987,2,1;
1139,1987,2,2;
1140,1987,2,3;
1141,1987,2,4;
1142,1987,2,5;
1143,1987,2,6;
1144,1987,2,7;
1145,1987,2,8;
1146,1987,2,9;
1147,1987,2,10;
1148,1987,2,11;
1149,1987,2,12;
1150,1987,2,13;
1151,1987,2,14;
1152,1987,2,15;
1153,1987,2,16;
1154,1987,2,17;
1155,1987,2,18;
1156,1987,2,19;
1157,1987,2,20;
1158,1987,2,21;
1159,1987,2,22;
1160,1987,2,23;
1161,1987,2,24;
1162,1987,2,25;
1163,1987,2,26;
1164,1987,2,27;
1165,1987,2,28;
1166,1987,2,29;
1167,1987,2,30;
1168,1987,2,31;
1169,1987,2,32;
1170,1987,2,33;
1171,1987,2,34;
1172,1987,2,35;
1173,1987,2,36;
1174,1987,2,37;
1175,1987,2,38;
1176,1987,Promoci,1;
1177,1987,Promoci,2;
1178,1988,1,1;
1179,1988,1,2;
1180,1988,1,3;
1181,1988,1,4;
1182,1988,1,5;
1183,1988,1,6;
1184,1988,1,7;
1185,1988,1,8;
1186,1988,1,9;
1187,1988,1,10;
1188,1988,1,11;
1189,1988,1,12;
1190,1988,1,13;
1191,1988,1,14;
1192,1988,1,15;
1193,1988,1,16;
1194,1988,1,17;
1195,1988,1,18;
1196,1988,1,19;
1197,1988,1,20;
1198,1988,1,21;
1199,1988,1,22;
1200,1988,1,23;
1201,1988,1,24;
1202,1988,1,25;
1203,1988,1,26;
1204,1988,1,27;
1205,1988,1,28;
1206,1988,1,29;
1207,1988,1,30;
1208,1988,1,31;
1209,1988,1,32;
1210,1988,1,33;
1211,1988,1,34;
1212,1988,1,35;
1213,1988,1,36;
1214,1988,1,37;
1215,1988,1,38;
1216,1988,2,1;
1217,1988,2,2;
1218,1988,2,3;
1219,1988,2,4;
1220,1988,2,5;
1221,1988,2,6;
1222,1988,2,7;
1223,1988,2,8;
1224,1988,2,9;
1225,1988,2,10;
1226,1988,2,11;
1227,1988,2,12;
1228,1988,2,13;
1229,1988,2,14;
1230,1988,2,15;
1231,1988,2,16;
1232,1988,2,17;
1233,1988,2,18;
1234,1988,2,19;
1235,1988,2,20;
1236,1988,2,21;
1237,1988,2,22;
1238,1988,2,23;
1239,1988,2,24;
1240,1988,2,25;
1241,1988,2,26;
1242,1988,2,27;
1243,1988,2,28;
1244,1988,2,29;
1245,1988,2,30;
1246,1988,2,31;
1247,1988,2,32;
1248,1988,2,33;
1249,1988,2,34;
1250,1988,2,35;
1251,1988,2,36;
1252,1988,2,37;
1253,1988,2,38;
1254,1988,Promoci,1;
1255,1988,Promoci,2;
1256,1989,1,1;
1257,1989,1,2;
1258,1989,1,3;
1259,1989,1,4;
1260,1989,1,5;
1261,1989,1,6;
1262,1989,1,7;
1263,1989,1,8;
1264,1989,1,9;
1265,1989,1,10;
1266,1989,1,11;
1267,1989,1,12;
1268,1989,1,13;
1269,1989,1,14;
1270,1989,1,15;
1271,1989,1,16;
1272,1989,1,17;
1273,1989,1,18;
1274,1989,1,19;
1275,1989,1,20;
1276,1989,1,21;
1277,1989,1,22;
1278,1989,1,23;
1279,1989,1,24;
1280,1989,1,25;
1281,1989,1,26;
1282,1989,1,27;
1283,1989,1,28;
1284,1989,1,29;
1285,1989,1,30;
1286,1989,1,31;
1287,1989,1,32;
1288,1989,1,33;
1289,1989,1,34;
1290,1989,1,35;
1291,1989,1,36;
1292,1989,1,37;
1293,1989,1,38;
1294,1989,2,1;
1295,1989,2,2;
1296,1989,2,3;
1297,1989,2,4;
1298,1989,2,5;
1299,1989,2,6;
1300,1989,2,7;
1301,1989,2,8;
1302,1989,2,9;
1303,1989,2,10;
1304,1989,2,11;
1305,1989,2,12;
1306,1989,2,13;
1307,1989,2,14;
1308,1989,2,15;
1309,1989,2,16;
1310,1989,2,17;
1311,1989,2,18;
1312,1989,2,19;
1313,1989,2,20;
1314,1989,2,21;
1315,1989,2,22;
1316,1989,2,23;
1317,1989,2,24;
1318,1989,2,25;
1319,1989,2,26;
1320,1989,2,27;
1321,1989,2,28;
1322,1989,2,29;
1323,1989,2,30;
1324,1989,2,31;
1325,1989,2,32;
1326,1989,2,33;
1327,1989,2,34;
1328,1989,2,35;
1329,1989,2,36;
1330,1989,2,37;
1331,1989,2,38;
1332,1989,Promoci,1;
1333,1989,Promoci,2;
1334,1990,1,1;
1335,1990,1,2;
1336,1990,1,3;
1337,1990,1,4;
1338,1990,1,5;
1339,1990,1,6;
1340,1990,1,7;
1341,1990,1,8;
1342,1990,1,9;
1343,1990,1,10;
1344,1990,1,11;
1345,1990,1,12;
1346,1990,1,13;
1347,1990,1,14;
1348,1990,1,15;
1349,1990,1,16;
1350,1990,1,17;
1351,1990,1,18;
1352,1990,1,19;
1353,1990,1,20;
1354,1990,1,21;
1355,1990,1,22;
1356,1990,1,23;
1357,1990,1,24;
1358,1990,1,25;
1359,1990,1,26;
1360,1990,1,27;
1361,1990,1,28;
1362,1990,1,29;
1363,1990,1,30;
1364,1990,1,31;
1365,1990,1,32;
1366,1990,1,33;
1367,1990,1,34;
1368,1990,1,35;
1369,1990,1,36;
1370,1990,1,37;
1371,1990,1,38;
1372,1990,2,1;
1373,1990,2,2;
1374,1990,2,3;
1375,1990,2,4;
1376,1990,2,5;
1377,1990,2,6;
1378,1990,2,7;
1379,1990,2,8;
1380,1990,2,9;
1381,1990,2,10;
1382,1990,2,11;
1383,1990,2,12;
1384,1990,2,13;
1385,1990,2,14;
1386,1990,2,15;
1387,1990,2,16;
1388,1990,2,17;
1389,1990,2,18;
1390,1990,2,19;
1391,1990,2,20;
1392,1990,2,21;
1393,1990,2,22;
1394,1990,2,23;
1395,1990,2,24;
1396,1990,2,25;
1397,1990,2,26;
1398,1990,2,27;
1399,1990,2,28;
1400,1990,2,29;
1401,1990,2,30;
1402,1990,2,31;
1403,1990,2,32;
1404,1990,2,33;
1405,1990,2,34;
1406,1990,2,35;
1407,1990,2,36;
1408,1990,2,37;
1409,1990,2,38;
1410,1990,Promoci,1;
1411,1990,Promoci,2;
1412,1991,1,1;
1413,1991,1,2;
1414,1991,1,3;
1415,1991,1,4;
1416,1991,1,5;
1417,1991,1,6;
1418,1991,1,7;
1419,1991,1,8;
1420,1991,1,9;
1421,1991,1,10;
1422,1991,1,11;
1423,1991,1,12;
1424,1991,1,13;
1425,1991,1,14;
1426,1991,1,15;
1427,1991,1,16;
1428,1991,1,17;
1429,1991,1,18;
1430,1991,1,19;
1431,1991,1,20;
1432,1991,1,21;
1433,1991,1,22;
1434,1991,1,23;
1435,1991,1,24;
1436,1991,1,25;
1437,1991,1,26;
1438,1991,1,27;
1439,1991,1,28;
1440,1991,1,29;
1441,1991,1,30;
1442,1991,1,31;
1443,1991,1,32;
1444,1991,1,33;
1445,1991,1,34;
1446,1991,1,35;
1447,1991,1,36;
1448,1991,1,37;
1449,1991,1,38;
1450,1991,2,1;
1451,1991,2,2;
1452,1991,2,3;
1453,1991,2,4;
1454,1991,2,5;
1455,1991,2,6;
1456,1991,2,7;
1457,1991,2,8;
1458,1991,2,9;
1459,1991,2,10;
1460,1991,2,11;
1461,1991,2,12;
1462,1991,2,13;
1463,1991,2,14;
1464,1991,2,15;
1465,1991,2,16;
1466,1991,2,17;
1467,1991,2,18;
1468,1991,2,19;
1469,1991,2,20;
1470,1991,2,21;
1471,1991,2,22;
1472,1991,2,23;
1473,1991,2,24;
1474,1991,2,25;
1475,1991,2,26;
1476,1991,2,27;
1477,1991,2,28;
1478,1991,2,29;
1479,1991,2,30;
1480,1991,2,31;
1481,1991,2,32;
1482,1991,2,33;
1483,1991,2,34;
1484,1991,2,35;
1485,1991,2,36;
1486,1991,2,37;
1487,1991,2,38;
1488,1991,Promoci,1;
1489,1991,Promoci,2;
1490,1992,1,1;
1491,1992,1,2;
1492,1992,1,3;
1493,1992,1,4;
1494,1992,1,5;
1495,1992,1,6;
1496,1992,1,7;
1497,1992,1,8;
1498,1992,1,9;
1499,1992,1,10;
1500,1992,1,11;
1501,1992,1,12;
1502,1992,1,13;
1503,1992,1,14;
1504,1992,1,15;
1505,1992,1,16;
1506,1992,1,17;
1507,1992,1,18;
1508,1992,1,19;
1509,1992,1,20;
1510,1992,1,21;
1511,1992,1,22;
1512,1992,1,23;
1513,1992,1,24;
1514,1992,1,25;
1515,1992,1,26;
1516,1992,1,27;
1517,1992,1,28;
1518,1992,1,29;
1519,1992,1,30;
1520,1992,1,31;
1521,1992,1,32;
1522,1992,1,33;
1523,1992,1,34;
1524,1992,1,35;
1525,1992,1,36;
1526,1992,1,37;
1527,1992,1,38;
1528,1992,2,1;
1529,1992,2,2;
1530,1992,2,3;
1531,1992,2,4;
1532,1992,2,5;
1533,1992,2,6;
1534,1992,2,7;
1535,1992,2,8;
1536,1992,2,9;
1537,1992,2,10;
1538,1992,2,11;
1539,1992,2,12;
1540,1992,2,13;
1541,1992,2,14;
1542,1992,2,15;
1543,1992,2,16;
1544,1992,2,17;
1545,1992,2,18;
1546,1992,2,19;
1547,1992,2,20;
1548,1992,2,21;
1549,1992,2,22;
1550,1992,2,23;
1551,1992,2,24;
1552,1992,2,25;
1553,1992,2,26;
1554,1992,2,27;
1555,1992,2,28;
1556,1992,2,29;
1557,1992,2,30;
1558,1992,2,31;
1559,1992,2,32;
1560,1992,2,33;
1561,1992,2,34;
1562,1992,2,35;
1563,1992,2,36;
1564,1992,2,37;
1565,1992,2,38;
1566,1992,Promoci,1;
1567,1992,Promoci,2;
1568,1993,1,1;
1569,1993,1,2;
1570,1993,1,3;
1571,1993,1,4;
1572,1993,1,5;
1573,1993,1,6;
1574,1993,1,7;
1575,1993,1,8;
1576,1993,1,9;
1577,1993,1,10;
1578,1993,1,11;
1579,1993,1,12;
1580,1993,1,13;
1581,1993,1,14;
1582,1993,1,15;
1583,1993,1,16;
1584,1993,1,17;
1585,1993,1,18;
1586,1993,1,19;
1587,1993,1,20;
1588,1993,1,21;
1589,1993,1,22;
1590,1993,1,23;
1591,1993,1,24;
1592,1993,1,25;
1593,1993,1,26;
1594,1993,1,27;
1595,1993,1,28;
1596,1993,1,29;
1597,1993,1,30;
1598,1993,1,31;
1599,1993,1,32;
1600,1993,1,33;
1601,1993,1,34;
1602,1993,1,35;
1603,1993,1,36;
1604,1993,1,37;
1605,1993,1,38;
1606,1993,2,1;
1607,1993,2,2;
1608,1993,2,3;
1609,1993,2,4;
1610,1993,2,5;
1611,1993,2,6;
1612,1993,2,7;
1613,1993,2,8;
1614,1993,2,9;
1615,1993,2,10;
1616,1993,2,11;
1617,1993,2,12;
1618,1993,2,13;
1619,1993,2,14;
1620,1993,2,15;
1621,1993,2,16;
1622,1993,2,17;
1623,1993,2,18;
1624,1993,2,19;
1625,1993,2,20;
1626,1993,2,21;
1627,1993,2,22;
1628,1993,2,23;
1629,1993,2,24;
1630,1993,2,25;
1631,1993,2,26;
1632,1993,2,27;
1633,1993,2,28;
1634,1993,2,29;
1635,1993,2,30;
1636,1993,2,31;
1637,1993,2,32;
1638,1993,2,33;
1639,1993,2,34;
1640,1993,2,35;
1641,1993,2,36;
1642,1993,2,37;
1643,1993,2,38;
1644,1993,Promoci,1;
1645,1993,Promoci,2;
1646,1994,1,1;
1647,1994,1,2;
1648,1994,1,3;
1649,1994,1,4;
1650,1994,1,5;
1651,1994,1,6;
1652,1994,1,7;
1653,1994,1,8;
1654,1994,1,9;
1655,1994,1,10;
1656,1994,1,11;
1657,1994,1,12;
1658,1994,1,13;
1659,1994,1,14;
1660,1994,1,15;
1661,1994,1,16;
1662,1994,1,17;
1663,1994,1,18;
1664,1994,1,19;
1665,1994,1,20;
1666,1994,1,21;
1667,1994,1,22;
1668,1994,1,23;
1669,1994,1,24;
1670,1994,1,25;
1671,1994,1,26;
1672,1994,1,27;
1673,1994,1,28;
1674,1994,1,29;
1675,1994,1,30;
1676,1994,1,31;
1677,1994,1,32;
1678,1994,1,33;
1679,1994,1,34;
1680,1994,1,35;
1681,1994,1,36;
1682,1994,1,37;
1683,1994,1,38;
1684,1994,2,1;
1685,1994,2,2;
1686,1994,2,3;
1687,1994,2,4;
1688,1994,2,5;
1689,1994,2,6;
1690,1994,2,7;
1691,1994,2,8;
1692,1994,2,9;
1693,1994,2,10;
1694,1994,2,11;
1695,1994,2,12;
1696,1994,2,13;
1697,1994,2,14;
1698,1994,2,15;
1699,1994,2,16;
1700,1994,2,17;
1701,1994,2,18;
1702,1994,2,19;
1703,1994,2,20;
1704,1994,2,21;
1705,1994,2,22;
1706,1994,2,23;
1707,1994,2,24;
1708,1994,2,25;
1709,1994,2,26;
1710,1994,2,27;
1711,1994,2,28;
1712,1994,2,29;
1713,1994,2,30;
1714,1994,2,31;
1715,1994,2,32;
1716,1994,2,33;
1717,1994,2,34;
1718,1994,2,35;
1719,1994,2,36;
1720,1994,2,37;
1721,1994,2,38;
1722,1994,Promoci,1;
1723,1994,Promoci,2;
1724,1995,1,1;
1725,1995,1,2;
1726,1995,1,3;
1727,1995,1,4;
1728,1995,1,5;
1729,1995,1,6;
1730,1995,1,7;
1731,1995,1,8;
1732,1995,1,9;
1733,1995,1,10;
1734,1995,1,11;
1735,1995,1,12;
1736,1995,1,13;
1737,1995,1,14;
1738,1995,1,15;
1739,1995,1,16;
1740,1995,1,17;
1741,1995,1,18;
1742,1995,1,19;
1743,1995,1,20;
1744,1995,1,21;
1745,1995,1,22;
1746,1995,1,23;
1747,1995,1,24;
1748,1995,1,25;
1749,1995,1,26;
1750,1995,1,27;
1751,1995,1,28;
1752,1995,1,29;
1753,1995,1,30;
1754,1995,1,31;
1755,1995,1,32;
1756,1995,1,33;
1757,1995,1,34;
1758,1995,1,35;
1759,1995,1,36;
1760,1995,1,37;
1761,1995,1,38;
1762,1995,1,39;
1763,1995,1,40;
1764,1995,1,41;
1765,1995,1,42;
1766,1995,2,1;
1767,1995,2,2;
1768,1995,2,3;
1769,1995,2,4;
1770,1995,2,5;
1771,1995,2,6;
1772,1995,2,7;
1773,1995,2,8;
1774,1995,2,9;
1775,1995,2,10;
1776,1995,2,11;
1777,1995,2,12;
1778,1995,2,13;
1779,1995,2,14;
1780,1995,2,15;
1781,1995,2,16;
1782,1995,2,17;
1783,1995,2,18;
1784,1995,2,19;
1785,1995,2,20;
1786,1995,2,21;
1787,1995,2,22;
1788,1995,2,23;
1789,1995,2,24;
1790,1995,2,25;
1791,1995,2,26;
1792,1995,2,27;
1793,1995,2,28;
1794,1995,2,29;
1795,1995,2,30;
1796,1995,2,31;
1797,1995,2,32;
1798,1995,2,33;
1799,1995,2,34;
1800,1995,2,35;
1801,1995,2,36;
1802,1995,2,37;
1803,1995,2,38;
1804,1995,Promoci,1;
1805,1995,Promoci,2;
1806,1996,1,1;
1807,1996,1,2;
1808,1996,1,3;
1809,1996,1,4;
1810,1996,1,5;
1811,1996,1,6;
1812,1996,1,7;
1813,1996,1,8;
1814,1996,1,9;
1815,1996,1,10;
1816,1996,1,11;
1817,1996,1,12;
1818,1996,1,13;
1819,1996,1,14;
1820,1996,1,15;
1821,1996,1,16;
1822,1996,1,17;
1823,1996,1,18;
1824,1996,1,19;
1825,1996,1,20;
1826,1996,1,21;
1827,1996,1,22;
1828,1996,1,23;
1829,1996,1,24;
1830,1996,1,25;
1831,1996,1,26;
1832,1996,1,27;
1833,1996,1,28;
1834,1996,1,29;
1835,1996,1,30;
1836,1996,1,31;
1837,1996,1,32;
1838,1996,1,33;
1839,1996,1,34;
1840,1996,1,35;
1841,1996,1,36;
1842,1996,1,37;
1843,1996,1,38;
1844,1996,1,39;
1845,1996,1,40;
1846,1996,1,41;
1847,1996,1,42;
1848,1996,2,1;
1849,1996,2,2;
1850,1996,2,3;
1851,1996,2,4;
1852,1996,2,5;
1853,1996,2,6;
1854,1996,2,7;
1855,1996,2,8;
1856,1996,2,9;
1857,1996,2,10;
1858,1996,2,11;
1859,1996,2,12;
1860,1996,2,13;
1861,1996,2,14;
1862,1996,2,15;
1863,1996,2,16;
1864,1996,2,17;
1865,1996,2,18;
1866,1996,2,19;
1867,1996,2,20;
1868,1996,2,21;
1869,1996,2,22;
1870,1996,2,23;
1871,1996,2,24;
1872,1996,2,25;
1873,1996,2,26;
1874,1996,2,27;
1875,1996,2,28;
1876,1996,2,29;
1877,1996,2,30;
1878,1996,2,31;
1879,1996,2,32;
1880,1996,2,33;
1881,1996,2,34;
1882,1996,2,35;
1883,1996,2,36;
1884,1996,2,37;
1885,1996,2,38;
1886,1996,Promoci,1;
1887,1996,Promoci,2;
1888,1997,1,1;
1889,1997,1,2;
1890,1997,1,3;
1891,1997,1,4;
1892,1997,1,5;
1893,1997,1,6;
1894,1997,1,7;
1895,1997,1,8;
1896,1997,1,9;
1897,1997,1,10;
1898,1997,1,11;
1899,1997,1,12;
1900,1997,1,13;
1901,1997,1,14;
1902,1997,1,15;
1903,1997,1,16;
1904,1997,1,17;
1905,1997,1,18;
1906,1997,1,19;
1907,1997,1,20;
1908,1997,1,21;
1909,1997,1,22;
1910,1997,1,23;
1911,1997,1,24;
1912,1997,1,25;
1913,1997,1,26;
1914,1997,1,27;
1915,1997,1,28;
1916,1997,1,29;
1917,1997,1,30;
1918,1997,1,31;
1919,1997,1,32;
1920,1997,1,33;
1921,1997,1,34;
1922,1997,1,35;
1923,1997,1,36;
1924,1997,1,37;
1925,1997,1,38;
1926,1997,2,1;
1927,1997,2,2;
1928,1997,2,3;
1929,1997,2,4;
1930,1997,2,5;
1931,1997,2,6;
1932,1997,2,7;
1933,1997,2,8;
1934,1997,2,9;
1935,1997,2,10;
1936,1997,2,11;
1937,1997,2,12;
1938,1997,2,13;
1939,1997,2,14;
1940,1997,2,15;
1941,1997,2,16;
1942,1997,2,17;
1943,1997,2,18;
1944,1997,2,19;
1945,1997,2,20;
1946,1997,2,21;
1947,1997,2,22;
1948,1997,2,23;
1949,1997,2,24;
1950,1997,2,25;
1951,1997,2,26;
1952,1997,2,27;
1953,1997,2,28;
1954,1997,2,29;
1955,1997,2,30;
1956,1997,2,31;
1957,1997,2,32;
1958,1997,2,33;
1959,1997,2,34;
1960,1997,2,35;
1961,1997,2,36;
1962,1997,2,37;
1963,1997,2,38;
1964,1997,2,39;
1965,1997,2,40;
1966,1997,2,41;
1967,1997,2,42;
1968,1997,Promoci,1;
1969,1997,Promoci,2;
1970,1998,1,1;
1971,1998,1,2;
1972,1998,1,3;
1973,1998,1,4;
1974,1998,1,5;
1975,1998,1,6;
1976,1998,1,7;
1977,1998,1,8;
1978,1998,1,9;
1979,1998,1,10;
1980,1998,1,11;
1981,1998,1,12;
1982,1998,1,13;
1983,1998,1,14;
1984,1998,1,15;
1985,1998,1,16;
1986,1998,1,17;
1987,1998,1,18;
1988,1998,1,19;
1989,1998,1,20;
1990,1998,1,21;
1991,1998,1,22;
1992,1998,1,23;
1993,1998,1,24;
1994,1998,1,25;
1995,1998,1,26;
1996,1998,1,27;
1997,1998,1,28;
1998,1998,1,29;
1999,1998,1,30;
2000,1998,1,31;
2001,1998,1,32;
2002,1998,1,33;
2003,1998,1,34;
2004,1998,1,35;
2005,1998,1,36;
2006,1998,1,37;
2007,1998,1,38;
2008,1998,2,1;
2009,1998,2,2;
2010,1998,2,3;
2011,1998,2,4;
2012,1998,2,5;
2013,1998,2,6;
2014,1998,2,7;
2015,1998,2,8;
2016,1998,2,9;
2017,1998,2,10;
2018,1998,2,11;
2019,1998,2,12;
2020,1998,2,13;
2021,1998,2,14;
2022,1998,2,15;
2023,1998,2,16;
2024,1998,2,17;
2025,1998,2,18;
2026,1998,2,19;
2027,1998,2,20;
2028,1998,2,21;
2029,1998,2,22;
2030,1998,2,23;
2031,1998,2,24;
2032,1998,2,25;
2033,1998,2,26;
2034,1998,2,27;
2035,1998,2,28;
2036,1998,2,29;
2037,1998,2,30;
2038,1998,2,31;
2039,1998,2,32;
2040,1998,2,33;
2041,1998,2,34;
2042,1998,2,35;
2043,1998,2,36;
2044,1998,2,37;
2045,1998,2,38;
2046,1998,2,39;
2047,1998,2,40;
2048,1998,2,41;
2049,1998,2,42;
2050,1998,Promoci,1;
2051,1998,Promoci,2;
2052,1999,1,1;
2053,1999,1,2;
2054,1999,1,3;
2055,1999,1,4;
2056,1999,1,5;
2057,1999,1,6;
2058,1999,1,7;
2059,1999,1,8;
2060,1999,1,9;
2061,1999,1,10;
2062,1999,1,11;
2063,1999,1,12;
2064,1999,1,13;
2065,1999,1,14;
2066,1999,1,15;
2067,1999,1,16;
2068,1999,1,17;
2069,1999,1,18;
2070,1999,1,19;
2071,1999,1,20;
2072,1999,1,21;
2073,1999,1,22;
2074,1999,1,23;
2075,1999,1,24;
2076,1999,1,25;
2077,1999,1,26;
2078,1999,1,27;
2079,1999,1,28;
2080,1999,1,29;
2081,1999,1,30;
2082,1999,1,31;
2083,1999,1,32;
2084,1999,1,33;
2085,1999,1,34;
2086,1999,1,35;
2087,1999,1,36;
2088,1999,1,37;
2089,1999,1,38;
2090,1999,2,1;
2091,1999,2,2;
2092,1999,2,3;
2093,1999,2,4;
2094,1999,2,5;
2095,1999,2,6;
2096,1999,2,7;
2097,1999,2,8;
2098,1999,2,9;
2099,1999,2,10;
2100,1999,2,11;
2101,1999,2,12;
2102,1999,2,13;
2103,1999,2,14;
2104,1999,2,15;
2105,1999,2,16;
2106,1999,2,17;
2107,1999,2,18;
2108,1999,2,19;
2109,1999,2,20;
2110,1999,2,21;
2111,1999,2,22;
2112,1999,2,23;
2113,1999,2,24;
2114,1999,2,25;
2115,1999,2,26;
2116,1999,2,27;
2117,1999,2,28;
2118,1999,2,29;
2119,1999,2,30;
2120,1999,2,31;
2121,1999,2,32;
2122,1999,2,33;
2123,1999,2,34;
2124,1999,2,35;
2125,1999,2,36;
2126,1999,2,37;
2127,1999,2,38;
2128,1999,2,39;
2129,1999,2,40;
2130,1999,2,41;
2131,1999,2,42;
2132,2000,1,1;
2133,2000,1,2;
2134,2000,1,3;
2135,2000,1,4;
2136,2000,1,5;
2137,2000,1,6;
2138,2000,1,7;
2139,2000,1,8;
2140,2000,1,9;
2141,2000,1,10;
2142,2000,1,11;
2143,2000,1,12;
2144,2000,1,13;
2145,2000,1,14;
2146,2000,1,15;
2147,2000,1,16;
2148,2000,1,17;
2149,2000,1,18;
2150,2000,1,19;
2151,2000,1,20;
2152,2000,1,21;
2153,2000,1,22;
2154,2000,1,23;
2155,2000,1,24;
2156,2000,1,25;
2157,2000,1,26;
2158,2000,1,27;
2159,2000,1,28;
2160,2000,1,29;
2161,2000,1,30;
2162,2000,1,31;
2163,2000,1,32;
2164,2000,1,33;
2165,2000,1,34;
2166,2000,1,35;
2167,2000,1,36;
2168,2000,1,37;
2169,2000,1,38;
2170,2000,2,1;
2171,2000,2,2;
2172,2000,2,3;
2173,2000,2,4;
2174,2000,2,5;
2175,2000,2,6;
2176,2000,2,7;
2177,2000,2,8;
2178,2000,2,9;
2179,2000,2,10;
2180,2000,2,11;
2181,2000,2,12;
2182,2000,2,13;
2183,2000,2,14;
2184,2000,2,15;
2185,2000,2,16;
2186,2000,2,17;
2187,2000,2,18;
2188,2000,2,19;
2189,2000,2,20;
2190,2000,2,21;
2191,2000,2,22;
2192,2000,2,23;
2193,2000,2,24;
2194,2000,2,25;
2195,2000,2,26;
2196,2000,2,27;
2197,2000,2,28;
2198,2000,2,29;
2199,2000,2,30;
2200,2000,2,31;
2201,2000,2,32;
2202,2000,2,33;
2203,2000,2,34;
2204,2000,2,35;
2205,2000,2,36;
2206,2000,2,37;
2207,2000,2,38;
2208,2000,2,39;
2209,2000,2,40;
2210,2000,2,41;
2211,2000,2,42;
2212,2001,1,1;
2213,2001,1,2;
2214,2001,1,3;
2215,2001,1,4;
2216,2001,1,5;
2217,2001,1,6;
2218,2001,1,7;
2219,2001,1,8;
2220,2001,1,9;
2221,2001,1,10;
2222,2001,1,11;
2223,2001,1,12;
2224,2001,1,13;
2225,2001,1,14;
2226,2001,1,15;
2227,2001,1,16;
2228,2001,1,17;
2229,2001,1,18;
2230,2001,1,19;
2231,2001,1,20;
2232,2001,1,21;
2233,2001,1,22;
2234,2001,1,23;
2235,2001,1,24;
2236,2001,1,25;
2237,2001,1,26;
2238,2001,1,27;
2239,2001,1,28;
2240,2001,1,29;
2241,2001,1,30;
2242,2001,1,31;
2243,2001,1,32;
2244,2001,1,33;
2245,2001,1,34;
2246,2001,1,35;
2247,2001,1,36;
2248,2001,1,37;
2249,2001,1,38;
2250,2001,2,1;
2251,2001,2,2;
2252,2001,2,3;
2253,2001,2,4;
2254,2001,2,5;
2255,2001,2,6;
2256,2001,2,7;
2257,2001,2,8;
2258,2001,2,9;
2259,2001,2,10;
2260,2001,2,11;
2261,2001,2,12;
2262,2001,2,13;
2263,2001,2,14;
2264,2001,2,15;
2265,2001,2,16;
2266,2001,2,17;
2267,2001,2,18;
2268,2001,2,19;
2269,2001,2,20;
2270,2001,2,21;
2271,2001,2,22;
2272,2001,2,23;
2273,2001,2,24;
2274,2001,2,25;
2275,2001,2,26;
2276,2001,2,27;
2277,2001,2,28;
2278,2001,2,29;
2279,2001,2,30;
2280,2001,2,31;
2281,2001,2,32;
2282,2001,2,33;
2283,2001,2,34;
2284,2001,2,35;
2285,2001,2,36;
2286,2001,2,37;
2287,2001,2,38;
2288,2001,2,39;
2289,2001,2,40;
2290,2001,2,41;
2291,2001,2,42;
2292,2002,1,1;
2293,2002,1,2;
2294,2002,1,3;
2295,2002,1,4;
2296,2002,1,5;
2297,2002,1,6;
2298,2002,1,7;
2299,2002,1,8;
2300,2002,1,9;
2301,2002,1,10;
2302,2002,1,11;
2303,2002,1,12;
2304,2002,1,13;
2305,2002,1,14;
2306,2002,1,15;
2307,2002,1,16;
2308,2002,1,17;
2309,2002,1,18;
2310,2002,1,19;
2311,2002,1,20;
2312,2002,1,21;
2313,2002,1,22;
2314,2002,1,23;
2315,2002,1,24;
2316,2002,1,25;
2317,2002,1,26;
2318,2002,1,27;
2319,2002,1,28;
2320,2002,1,29;
2321,2002,1,30;
2322,2002,1,31;
2323,2002,1,32;
2324,2002,1,33;
2325,2002,1,34;
2326,2002,1,35;
2327,2002,1,36;
2328,2002,1,37;
2329,2002,1,38;
2330,2002,2,1;
2331,2002,2,2;
2332,2002,2,3;
2333,2002,2,4;
2334,2002,2,5;
2335,2002,2,6;
2336,2002,2,7;
2337,2002,2,8;
2338,2002,2,9;
2339,2002,2,10;
2340,2002,2,11;
2341,2002,2,12;
2342,2002,2,13;
2343,2002,2,14;
2344,2002,2,15;
2345,2002,2,16;
2346,2002,2,17;
2347,2002,2,18;
2348,2002,2,19;
2349,2002,2,20;
2350,2002,2,21;
2351,2002,2,22;
2352,2002,2,23;
2353,2002,2,24;
2354,2002,2,25;
2355,2002,2,26;
2356,2002,2,27;
2357,2002,2,28;
2358,2002,2,29;
2359,2002,2,30;
2360,2002,2,31;
2361,2002,2,32;
2362,2002,2,33;
2363,2002,2,34;
2364,2002,2,35;
2365,2002,2,36;
2366,2002,2,37;
2367,2002,2,38;
2368,2002,2,39;
2369,2002,2,40;
2370,2002,2,41;
2371,2002,2,42;
2372,2003,1,1;
2373,2003,1,2;
2374,2003,1,3;
2375,2003,1,4;
2376,2003,1,5;
2377,2003,1,6;
2378,2003,1,7;
2379,2003,1,8;
2380,2003,1,9;
2381,2003,1,10;
2382,2003,1,11;
2383,2003,1,12;
2384,2003,1,13;
2385,2003,1,14;
2386,2003,1,15;
2387,2003,1,16;
2388,2003,1,17;
2389,2003,1,18;
2390,2003,1,19;
2391,2003,1,20;
2392,2003,1,21;
2393,2003,1,22;
2394,2003,1,23;
2395,2003,1,24;
2396,2003,1,25;
2397,2003,1,26;
2398,2003,1,27;
2399,2003,1,28;
2400,2003,1,29;
2401,2003,1,30;
2402,2003,1,31;
2403,2003,1,32;
2404,2003,1,33;
2405,2003,1,34;
2406,2003,1,35;
2407,2003,1,36;
2408,2003,1,37;
2409,2003,1,38;
2410,2003,2,1;
2411,2003,2,2;
2412,2003,2,3;
2413,2003,2,4;
2414,2003,2,5;
2415,2003,2,6;
2416,2003,2,7;
2417,2003,2,8;
2418,2003,2,9;
2419,2003,2,10;
2420,2003,2,11;
2421,2003,2,12;
2422,2003,2,13;
2423,2003,2,14;
2424,2003,2,15;
2425,2003,2,16;
2426,2003,2,17;
2427,2003,2,18;
2428,2003,2,19;
2429,2003,2,20;
2430,2003,2,21;
2431,2003,2,22;
2432,2003,2,23;
2433,2003,2,24;
2434,2003,2,25;
2435,2003,2,26;
2436,2003,2,27;
2437,2003,2,28;
2438,2003,2,29;
2439,2003,2,30;
2440,2003,2,31;
2441,2003,2,32;
2442,2003,2,33;
2443,2003,2,34;
2444,2003,2,35;
2445,2003,2,36;
2446,2003,2,37;
2447,2003,2,38;
2448,2003,2,39;
2449,2003,2,40;
2450,2003,2,41;
2451,2003,2,42;
2452,2004,1,1;
2453,2004,1,2;
2454,2004,1,3;
2455,2004,1,4;
2456,2004,1,5;
2457,2004,1,6;
2458,2004,1,7;
2459,2004,1,8;
2460,2004,1,9;
2461,2004,1,10;
2462,2004,1,11;
2463,2004,1,12;
2464,2004,1,13;
2465,2004,1,14;
2466,2004,1,15;
2467,2004,1,16;
2468,2004,1,17;
2469,2004,1,18;
2470,2004,1,19;
2471,2004,1,20;
2472,2004,1,21;
2473,2004,1,22;
2474,2004,1,23;
2475,2004,1,24;
2476,2004,1,25;
2477,2004,1,26;
2478,2004,1,27;
2479,2004,1,28;
2480,2004,1,29;
2481,2004,1,30;
2482,2004,1,31;
2483,2004,1,32;
2484,2004,1,33;
2485,2004,1,34;
2486,2004,1,35;
2487,2004,1,36;
2488,2004,1,37;
2489,2004,1,38;
2490,2004,2,1;
2491,2004,2,2;
2492,2004,2,3;
2493,2004,2,4;
2494,2004,2,5;
2495,2004,2,6;
2496,2004,2,7;
2497,2004,2,8;
2498,2004,2,9;
2499,2004,2,10;
2500,2004,2,11;
2501,2004,2,12;
2502,2004,2,13;
2503,2004,2,14;
2504,2004,2,15;
2505,2004,2,16;
2506,2004,2,17;
2507,2004,2,18;
2508,2004,2,19;
2509,2004,2,20;
2510,2004,2,21;
2511,2004,2,22;
2512,2004,2,23;
2513,2004,2,24;
2514,2004,2,25;
2515,2004,2,26;
2516,2004,2,27;
2517,2004,2,28;
2518,2004,2,29;
2519,2004,2,30;
2520,2004,2,31;
2521,2004,2,32;
2522,2004,2,33;
2523,2004,2,34;
2524,2004,2,35;
2525,2004,2,36;
2526,2004,2,37;
2527,2004,2,38;
2528,2004,2,39;
2529,2004,2,40;
2530,2004,2,41;
2531,2004,2,42;
2532,2005,1,1;
2533,2005,1,2;
2534,2005,1,3;
2535,2005,1,4;
2536,2005,1,5;
2537,2005,1,6;
2538,2005,1,7;
2539,2005,1,8;
2540,2005,1,9;
2541,2005,1,10;
2542,2005,1,11;
2543,2005,1,12;
2544,2005,1,13;
2545,2005,1,14;
2546,2005,1,15;
2547,2005,1,16;
2548,2005,1,17;
2549,2005,1,18;
2550,2005,1,19;
2551,2005,1,20;
2552,2005,1,21;
2553,2005,1,22;
2554,2005,1,23;
2555,2005,1,24;
2556,2005,1,25;
2557,2005,1,26;
2558,2005,1,27;
2559,2005,1,28;
2560,2005,1,29;
2561,2005,1,30;
2562,2005,1,31;
2563,2005,1,32;
2564,2005,1,33;
2565,2005,1,34;
2566,2005,1,35;
2567,2005,1,36;
2568,2005,1,37;
2569,2005,1,38;
2570,2005,2,1;
2571,2005,2,2;
2572,2005,2,3;
2573,2005,2,4;
2574,2005,2,5;
2575,2005,2,6;
2576,2005,2,7;
2577,2005,2,8;
2578,2005,2,9;
2579,2005,2,10;
2580,2005,2,11;
2581,2005,2,12;
2582,2005,2,13;
2583,2005,2,14;
2584,2005,2,15;
2585,2005,2,16;
2586,2005,2,17;
2587,2005,2,18;
2588,2005,2,19;
2589,2005,2,20;
2590,2005,2,21;
2591,2005,2,22;
2592,2005,2,23;
2593,2005,2,24;
2594,2005,2,25;
2595,2005,2,26;
2596,2005,2,27;
2597,2005,2,28;
2598,2005,2,29;
2599,2005,2,30;
2600,2005,2,31;
2601,2005,2,32;
2602,2005,2,33;
2603,2005,2,34;
2604,2005,2,35;
2605,2005,2,36;
2606,2005,2,37;
2607,2005,2,38;
2608,2005,2,39;
2609,2005,2,40;
2610,2005,2,41;
2611,2005,2,42;
2612,2006,1,1;
2613,2006,1,2;
2614,2006,1,3;
2615,2006,1,4;
2616,2006,1,5;
2617,2006,1,6;
2618,2006,1,7;
2619,2006,1,8;
2620,2006,1,9;
2621,2006,1,10;
2622,2006,1,11;
2623,2006,1,12;
2624,2006,1,13;
2625,2006,1,14;
2626,2006,1,15;
2627,2006,1,16;
2628,2006,1,17;
2629,2006,1,18;
2630,2006,1,19;
2631,2006,1,20;
2632,2006,1,21;
2633,2006,1,22;
2634,2006,1,23;
2635,2006,1,24;
2636,2006,1,25;
2637,2006,1,26;
2638,2006,1,27;
2639,2006,1,28;
2640,2006,1,29;
2641,2006,1,30;
2642,2006,1,31;
2643,2006,1,32;
2644,2006,1,33;
2645,2006,1,34;
2646,2006,1,35;
2647,2006,1,36;
2648,2006,1,37;
2649,2006,1,38;
2650,2006,2,1;
2651,2006,2,2;
2652,2006,2,3;
2653,2006,2,4;
2654,2006,2,5;
2655,2006,2,6;
2656,2006,2,7;
2657,2006,2,8;
2658,2006,2,9;
2659,2006,2,10;
2660,2006,2,11;
2661,2006,2,12;
2662,2006,2,13;
2663,2006,2,14;
2664,2006,2,15;
2665,2006,2,16;
2666,2006,2,17;
2667,2006,2,18;
2668,2006,2,19;
2669,2006,2,20;
2670,2006,2,21;
2671,2006,2,22;
2672,2006,2,23;
2673,2006,2,24;
2674,2006,2,25;
2675,2006,2,26;
2676,2006,2,27;
2677,2006,2,28;
2678,2006,2,29;
2679,2006,2,30;
2680,2006,2,31;
2681,2006,2,32;
2682,2006,2,33;
2683,2006,2,34;
2684,2006,2,35;
2685,2006,2,36;
2686,2006,2,37;
2687,2006,2,38;
2688,2006,2,39;
2689,2006,2,40;
2690,2006,2,41;
2691,2006,2,42;
2692,2007,1,1;
2693,2007,1,2;
2694,2007,1,3;
2695,2007,1,4;
2696,2007,1,5;
2697,2007,1,6;
2698,2007,1,7;
2699,2007,1,8;
2700,2007,1,9;
2701,2007,1,10;
2702,2007,1,11;
2703,2007,1,12;
2704,2007,1,13;
2705,2007,1,14;
2706,2007,1,15;
2707,2007,1,16;
2708,2007,1,17;
2709,2007,1,18;
2710,2007,1,19;
2711,2007,1,20;
2712,2007,1,21;
2713,2007,1,22;
2714,2007,1,23;
2715,2007,1,24;
2716,2007,1,25;
2717,2007,1,26;
2718,2007,1,27;
2719,2007,1,28;
2720,2007,1,29;
2721,2007,1,30;
2722,2007,1,31;
2723,2007,1,32;
2724,2007,1,33;
2725,2007,1,34;
2726,2007,1,35;
2727,2007,1,36;
2728,2007,1,37;
2729,2007,1,38;
2730,2007,2,1;
2731,2007,2,2;
2732,2007,2,3;
2733,2007,2,4;
2734,2007,2,5;
2735,2007,2,6;
2736,2007,2,7;
2737,2007,2,8;
2738,2007,2,9;
2739,2007,2,10;
2740,2007,2,11;
2741,2007,2,12;
2742,2007,2,13;
2743,2007,2,14;
2744,2007,2,15;
2745,2007,2,16;
2746,2007,2,17;
2747,2007,2,18;
2748,2007,2,19;
2749,2007,2,20;
2750,2007,2,21;
2751,2007,2,22;
2752,2007,2,23;
2753,2007,2,24;
2754,2007,2,25;
2755,2007,2,26;
2756,2007,2,27;
2757,2007,2,28;
2758,2007,2,29;
2759,2007,2,30;
2760,2007,2,31;
2761,2007,2,32;
2762,2007,2,33;
2763,2007,2,34;
2764,2007,2,35;
2765,2007,2,36;
2766,2007,2,37;
2767,2007,2,38;
2768,2007,2,39;
2769,2007,2,40;
2770,2007,2,41;
2771,2007,2,42;
2772,2008,1,1;
2773,2008,1,2;
2774,2008,1,3;
2775,2008,1,4;
2776,2008,1,5;
2777,2008,1,6;
2778,2008,1,7;
2779,2008,1,8;
2780,2008,1,9;
2781,2008,1,10;
2782,2008,1,11;
2783,2008,1,12;
2784,2008,1,13;
2785,2008,1,14;
2786,2008,1,15;
2787,2008,1,16;
2788,2008,1,17;
2789,2008,1,18;
2790,2008,1,19;
2791,2008,1,20;
2792,2008,1,21;
2793,2008,1,22;
2794,2008,1,23;
2795,2008,1,24;
2796,2008,1,25;
2797,2008,1,26;
2798,2008,1,27;
2799,2008,1,28;
2800,2008,1,29;
2801,2008,1,30;
2802,2008,1,31;
2803,2008,1,32;
2804,2008,1,33;
2805,2008,1,34;
2806,2008,1,35;
2807,2008,1,36;
2808,2008,1,37;
2809,2008,1,38;
2810,2008,2,1;
2811,2008,2,2;
2812,2008,2,3;
2813,2008,2,4;
2814,2008,2,5;
2815,2008,2,6;
2816,2008,2,7;
2817,2008,2,8;
2818,2008,2,9;
2819,2008,2,10;
2820,2008,2,11;
2821,2008,2,12;
2822,2008,2,13;
2823,2008,2,14;
2824,2008,2,15;
2825,2008,2,16;
2826,2008,2,17;
2827,2008,2,18;
2828,2008,2,19;
2829,2008,2,20;
2830,2008,2,21;
2831,2008,2,22;
2832,2008,2,23;
2833,2008,2,24;
2834,2008,2,25;
2835,2008,2,26;
2836,2008,2,27;
2837,2008,2,28;
2838,2008,2,29;
2839,2008,2,30;
2840,2008,2,31;
2841,2008,2,32;
2842,2008,2,33;
2843,2008,2,34;
2844,2008,2,35;
2845,2008,2,36;
2846,2008,2,37;
2847,2008,2,38;
2848,2008,2,39;
2849,2008,2,40;
2850,2008,2,41;
2851,2008,2,42;
2852,2009,1,1;
2853,2009,1,2;
2854,2009,1,3;
2855,2009,1,4;
2856,2009,1,5;
2857,2009,1,6;
2858,2009,1,7;
2859,2009,1,8;
2860,2009,1,9;
2861,2009,1,10;
2862,2009,1,11;
2863,2009,1,12;
2864,2009,1,13;
2865,2009,1,14;
2866,2009,1,15;
2867,2009,1,16;
2868,2009,1,17;
2869,2009,1,18;
2870,2009,1,19;
2871,2009,1,20;
2872,2009,1,21;
2873,2009,1,22;
2874,2009,1,23;
2875,2009,1,24;
2876,2009,1,25;
2877,2009,1,26;
2878,2009,1,27;
2879,2009,1,28;
2880,2009,1,29;
2881,2009,1,30;
2882,2009,1,31;
2883,2009,1,32;
2884,2009,1,33;
2885,2009,1,34;
2886,2009,1,35;
2887,2009,1,36;
2888,2009,1,37;
2889,2009,1,38;
2890,2009,2,1;
2891,2009,2,2;
2892,2009,2,3;
2893,2009,2,4;
2894,2009,2,5;
2895,2009,2,6;
2896,2009,2,7;
2897,2009,2,8;
2898,2009,2,9;
2899,2009,2,10;
2900,2009,2,11;
2901,2009,2,12;
2902,2009,2,13;
2903,2009,2,14;
2904,2009,2,15;
2905,2009,2,16;
2906,2009,2,17;
2907,2009,2,18;
2908,2009,2,19;
2909,2009,2,20;
2910,2009,2,21;
2911,2009,2,22;
2912,2009,2,23;
2913,2009,2,24;
2914,2009,2,25;
2915,2009,2,26;
2916,2009,2,27;
2917,2009,2,28;
2918,2009,2,29;
2919,2009,2,30;
2920,2009,2,31;
2921,2009,2,32;
2922,2009,2,33;
2923,2009,2,34;
2924,2009,2,35;
2925,2009,2,36;
2926,2009,2,37;
2927,2009,2,38;
2928,2009,2,39;
2929,2009,2,40;
2930,2009,2,41;
2931,2009,2,42;
2932,2010,1,1;
2933,2010,1,2;
2934,2010,1,3;
2935,2010,1,4;
2936,2010,1,5;
2937,2010,1,6;
2938,2010,1,7;
2939,2010,1,8;
2940,2010,1,9;
2941,2010,1,10;
2942,2010,1,11;
2943,2010,1,12;
2944,2010,1,13;
2945,2010,1,14;
2946,2010,1,15;
2947,2010,1,16;
2948,2010,1,17;
2949,2010,1,18;
2950,2010,1,19;
2951,2010,1,20;
2952,2010,1,21;
2953,2010,1,22;
2954,2010,1,23;
2955,2010,1,24;
2956,2010,1,25;
2957,2010,1,26;
2958,2010,1,27;
2959,2010,1,28;
2960,2010,1,29;
2961,2010,1,30;
2962,2010,1,31;
2963,2010,1,32;
2964,2010,1,33;
2965,2010,1,34;
2966,2010,1,35;
2967,2010,1,36;
2968,2010,1,37;
2969,2010,1,38;
2970,2010,2,1;
2971,2010,2,2;
2972,2010,2,3;
2973,2010,2,4;
2974,2010,2,5;
2975,2010,2,6;
2976,2010,2,7;
2977,2010,2,8;
2978,2010,2,9;
2979,2010,2,10;
2980,2010,2,11;
2981,2010,2,12;
2982,2010,2,13;
2983,2010,2,14;
2984,2010,2,15;
2985,2010,2,16;
2986,2010,2,17;
2987,2010,2,18;
2988,2010,2,19;
2989,2010,2,20;
2990,2010,2,21;
2991,2010,2,22;
2992,2010,2,23;
2993,2010,2,24;
2994,2010,2,25;
2995,2010,2,26;
2996,2010,2,27;
2997,2010,2,28;
2998,2010,2,29;
2999,2010,2,30;
3000,2010,2,31;
3001,2010,2,32;
3002,2010,2,33;
3003,2010,2,34;
3004,2010,2,35;
3005,2010,2,36;
3006,2010,2,37;
3007,2010,2,38;
3008,2010,2,39;
3009,2010,2,40;
3010,2010,2,41;
3011,2010,2,42;
3012,2010,Promoci,1;
3013,2010,Promoci,2;
3014,2010,Promoci,3;
3015,2010,Promoci,4;
3016,2011,1,1;
3017,2011,1,2;
3018,2011,1,3;
3019,2011,1,4;
3020,2011,1,5;
3021,2011,1,6;
3022,2011,1,7;
3023,2011,1,8;
3024,2011,1,9;
3025,2011,1,10;
3026,2011,1,11;
3027,2011,1,12;
3028,2011,1,13;
3029,2011,1,14;
3030,2011,1,15;
3031,2011,1,16;
3032,2011,1,17;
3033,2011,1,18;
3034,2011,1,19;
3035,2011,1,20;
3036,2011,1,21;
3037,2011,1,22;
3038,2011,1,23;
3039,2011,1,24;
3040,2011,1,25;
3041,2011,1,26;
3042,2011,1,27;
3043,2011,1,28;
3044,2011,1,29;
3045,2011,1,30;
3046,2011,1,31;
3047,2011,1,32;
3048,2011,1,33;
3049,2011,1,34;
3050,2011,1,35;
3051,2011,1,36;
3052,2011,1,37;
3053,2011,1,38;
3054,2011,2,1;
3055,2011,2,2;
3056,2011,2,3;
3057,2011,2,4;
3058,2011,2,5;
3059,2011,2,6;
3060,2011,2,7;
3061,2011,2,8;
3062,2011,2,9;
3063,2011,2,10;
3064,2011,2,11;
3065,2011,2,12;
3066,2011,2,13;
3067,2011,2,14;
3068,2011,2,15;
3069,2011,2,16;
3070,2011,2,17;
3071,2011,2,18;
3072,2011,2,19;
3073,2011,2,20;
3074,2011,2,21;
3075,2011,2,22;
3076,2011,2,23;
3077,2011,2,24;
3078,2011,2,25;
3079,2011,2,26;
3080,2011,2,27;
3081,2011,2,28;
3082,2011,2,29;
3083,2011,2,30;
3084,2011,2,31;
3085,2011,2,32;
3086,2011,2,33;
3087,2011,2,34;
3088,2011,2,35;
3089,2011,2,36;
3090,2011,2,37;
3091,2011,2,38;
3092,2011,2,39;
3093,2011,2,40;
3094,2011,2,41;
3095,2011,2,42;
3096,2011,Promoci,1;
3097,2011,Promoci,2;
3098,2011,Promoci,3;
3099,2011,Promoci,4;
3100,2012,1,1;
3101,2012,1,2;
3102,2012,1,3;
3103,2012,1,4;
3104,2012,1,5;
3105,2012,1,6;
3106,2012,1,7;
3107,2012,1,8;
3108,2012,1,9;
3109,2012,1,10;
3110,2012,1,11;
3111,2012,1,12;
3112,2012,1,13;
3113,2012,1,14;
3114,2012,1,15;
3115,2012,1,16;
3116,2012,1,17;
3117,2012,1,18;
3118,2012,1,19;
3119,2012,1,20;
3120,2012,1,21;
3121,2012,1,22;
3122,2012,1,23;
3123,2012,1,24;
3124,2012,1,25;
3125,2012,1,26;
3126,2012,1,27;
3127,2012,1,28;
3128,2012,1,29;
3129,2012,1,30;
3130,2012,1,31;
3131,2012,1,32;
3132,2012,1,33;
3133,2012,1,34;
3134,2012,1,35;
3135,2012,1,36;
3136,2012,1,37;
3137,2012,1,38;
3138,2012,2,1;
3139,2012,2,2;
3140,2012,2,3;
3141,2012,2,4;
3142,2012,2,5;
3143,2012,2,6;
3144,2012,2,7;
3145,2012,2,8;
3146,2012,2,9;
3147,2012,2,10;
3148,2012,2,11;
3149,2012,2,12;
3150,2012,2,13;
3151,2012,2,14;
3152,2012,2,15;
3153,2012,2,16;
3154,2012,2,17;
3155,2012,2,18;
3156,2012,2,19;
3157,2012,2,20;
3158,2012,2,21;
3159,2012,2,22;
3160,2012,2,23;
3161,2012,2,24;
3162,2012,2,25;
3163,2012,2,26;
3164,2012,2,27;
3165,2012,2,28;
3166,2012,2,29;
3167,2012,2,30;
3168,2012,2,31;
3169,2012,2,32;
3170,2012,2,33;
3171,2012,2,34;
3172,2012,2,35;
3173,2012,2,36;
3174,2012,2,37;
3175,2012,2,38;
3176,2012,2,39;
3177,2012,2,40;
3178,2012,2,41;
3179,2012,2,42;
3180,2012,Promoci,1;
3181,2012,Promoci,2;
3182,2012,Promoci,3;
3183,2012,Promoci,4;
3184,2013,1,1;
3185,2013,1,2;
3186,2013,1,3;
3187,2013,1,4;
3188,2013,1,5;
3189,2013,1,6;
3190,2013,1,7;
3191,2013,1,8;
3192,2013,1,9;
3193,2013,1,10;
3194,2013,1,11;
3195,2013,1,12;
3196,2013,1,13;
3197,2013,1,14;
3198,2013,1,15;
3199,2013,1,16;
3200,2013,1,17;
3201,2013,1,18;
3202,2013,1,19;
3203,2013,1,20;
3204,2013,1,21;
3205,2013,1,22;
3206,2013,1,23;
3207,2013,1,24;
3208,2013,1,25;
3209,2013,1,26;
3210,2013,1,27;
3211,2013,1,28;
3212,2013,1,29;
3213,2013,1,30;
3214,2013,1,31;
3215,2013,1,32;
3216,2013,1,33;
3217,2013,1,34;
3218,2013,1,35;
3219,2013,1,36;
3220,2013,1,37;
3221,2013,1,38;
3222,2013,2,1;
3223,2013,2,2;
3224,2013,2,3;
3225,2013,2,4;
3226,2013,2,5;
3227,2013,2,6;
3228,2013,2,7;
3229,2013,2,8;
3230,2013,2,9;
3231,2013,2,10;
3232,2013,2,11;
3233,2013,2,12;
3234,2013,2,13;
3235,2013,2,14;
3236,2013,2,15;
3237,2013,2,16;
3238,2013,2,17;
3239,2013,2,18;
3240,2013,2,19;
3241,2013,2,20;
3242,2013,2,21;
3243,2013,2,22;
3244,2013,2,23;
3245,2013,2,24;
3246,2013,2,25;
3247,2013,2,26;
3248,2013,2,27;
3249,2013,2,28;
3250,2013,2,29;
3251,2013,2,30;
3252,2013,2,31;
3253,2013,2,32;
3254,2013,2,33;
3255,2013,2,34;
3256,2013,2,35;
3257,2013,2,36;
3258,2013,2,37;
3259,2013,2,38;
3260,2013,2,39;
3261,2013,2,40;
3262,2013,2,41;
3263,2013,2,42;
3264,2013,Promoci,1;
3265,2013,Promoci,2;
3266,2013,Promoci,3;
3267,2013,Promoci,4;
3268,2014,1,1;
3269,2014,1,2;
3270,2014,1,3;
3271,2014,1,4;
3272,2014,1,5;
3273,2014,1,6;
3274,2014,1,7;
3275,2014,1,8;
3276,2014,1,9;
3277,2014,1,10;
3278,2014,1,11;
3279,2014,1,12;
3280,2014,1,13;
3281,2014,1,14;
3282,2014,1,15;
3283,2014,1,16;
3284,2014,1,17;
3285,2014,1,18;
3286,2014,1,19;
3287,2014,1,20;
3288,2014,1,21;
3289,2014,1,22;
3290,2014,1,23;
3291,2014,1,24;
3292,2014,1,25;
3293,2014,1,26;
3294,2014,1,27;
3295,2014,1,28;
3296,2014,1,29;
3297,2014,1,30;
3298,2014,1,31;
3299,2014,1,32;
3300,2014,1,33;
3301,2014,1,34;
3302,2014,1,35;
3303,2014,1,36;
3304,2014,1,37;
3305,2014,1,38;
3306,2014,2,1;
3307,2014,2,2;
3308,2014,2,3;
3309,2014,2,4;
3310,2014,2,5;
3311,2014,2,6;
3312,2014,2,7;
3313,2014,2,8;
3314,2014,2,9;
3315,2014,2,10;
3316,2014,2,11;
3317,2014,2,12;
3318,2014,2,13;
3319,2014,2,14;
3320,2014,2,15;
3321,2014,2,16;
3322,2014,2,17;
3323,2014,2,18;
3324,2014,2,19;
3325,2014,2,20;
3326,2014,2,21;
3327,2014,2,22;
3328,2014,2,23;
3329,2014,2,24;
3330,2014,2,25;
3331,2014,2,26;
3332,2014,2,27;
3333,2014,2,28;
3334,2014,2,29;
3335,2014,2,30;
3336,2014,2,31;
3337,2014,2,32;
3338,2014,2,33;
3339,2014,2,34;
3340,2014,2,35;
3341,2014,2,36;
3342,2014,2,37;
3343,2014,2,38;
3344,2014,2,39;
3345,2014,2,40;
3346,2014,2,41;
3347,2014,2,42;
3348,2014,Promoci,1;
3349,2014,Promoci,2;
3350,2014,Promoci,3;
3351,2014,Promoci,4;
3352,2015,1,1;
3353,2015,1,2;
3354,2015,1,3;
3355,2015,1,4;
3356,2015,1,5;
3357,2015,1,6;
3358,2015,1,7;
3359,2015,1,8;
3360,2015,1,9;
3361,2015,1,10;
3362,2015,1,11;
3363,2015,1,12;
3364,2015,1,13;
3365,2015,1,14;
3366,2015,1,15;
3367,2015,1,16;
3368,2015,1,17;
3369,2015,1,18;
3370,2015,1,19;
3371,2015,1,20;
3372,2015,1,21;
3373,2015,1,22;
3374,2015,1,23;
3375,2015,2,1;
3376,2015,2,2;
3377,2015,2,3;
3378,2015,2,4;
3379,2015,2,5;
3380,2015,2,6;
3381,2015,2,7;
3382,2015,2,8;
3383,2015,2,9;
3384,2015,2,10;
3385,2015,2,11;
3386,2015,2,12;
3387,2015,2,13;
3388,2015,2,14;
3389,2015,2,15;
3390,2015,2,16;
3391,2015,2,17;
3392,2015,2,18;
3393,2015,2,19;
3394,2015,2,20;
3395,2015,2,21;
3396,2015,2,22;
3397,2015,2,23;
3398,2015,2,24;
