{
  "hash": "d50ca528",
  "configHash": "16de43e9",
  "lockfileHash": "e320a9e0",
  "browserHash": "6be22e9a",
  "optimized": {
    "@angular/core": {
      "src": "../../../../../../node_modules/@angular/core/fesm2022/core.mjs",
      "file": "@angular_core.js",
      "fileHash": "a20fc138",
      "needsInterop": false
    },
    "@angular/forms": {
      "src": "../../../../../../node_modules/@angular/forms/fesm2022/forms.mjs",
      "file": "@angular_forms.js",
      "fileHash": "3fdd30f3",
      "needsInterop": false
    },
    "@angular/platform-browser": {
      "src": "../../../../../../node_modules/@angular/platform-browser/fesm2022/platform-browser.mjs",
      "file": "@angular_platform-browser.js",
      "fileHash": "f012ee7b",
      "needsInterop": false
    },
    "@angular/router": {
      "src": "../../../../../../node_modules/@angular/router/fesm2022/router.mjs",
      "file": "@angular_router.js",
      "fileHash": "6e9c2a29",
      "needsInterop": false
    },
    "rxjs/webSocket": {
      "src": "../../../../../../node_modules/rxjs/dist/esm5/webSocket/index.js",
      "file": "rxjs_webSocket.js",
      "fileHash": "1e456e57",
      "needsInterop": false
    }
  },
  "chunks": {
    "chunk-52P7P57Y": {
      "file": "chunk-52P7P57Y.js"
    },
    "chunk-QWV7JQCT": {
      "file": "chunk-QWV7JQCT.js"
    },
    "chunk-CORRDHWA": {
      "file": "chunk-CORRDHWA.js"
    },
    "chunk-TLPIVMPD": {
      "file": "chunk-TLPIVMPD.js"
    }
  }
}